<manifest version="1.0" type="device" target-level="3">
    <hal format="hidl">
        <name>android.hardware.audio</name>
        <transport>hwbinder</transport>
        <version>4.0</version>
        <interface>
            <name>IDevicesFactory</name>
            <instance>default</instance>
        </interface>
        <fqname>@4.0::IDevicesFactory/default</fqname>
    </hal>
    <hal format="hidl">
        <name>android.hardware.audio.effect</name>
        <transport>hwbinder</transport>
        <version>4.0</version>
        <interface>
            <name>IEffectsFactory</name>
            <instance>default</instance>
        </interface>
        <fqname>@4.0::IEffectsFactory/default</fqname>
    </hal>
    <hal format="hidl">
        <name>android.hardware.biometrics.fingerprint</name>
        <transport>hwbinder</transport>
        <version>2.1</version>
        <interface>
            <name>IBiometricsFingerprint</name>
            <instance>default</instance>
        </interface>
        <fqname>@2.1::IBiometricsFingerprint/default</fqname>
    </hal>
    <hal format="hidl">
        <name>android.hardware.bluetooth</name>
        <transport>hwbinder</transport>
        <version>1.0</version>
        <interface>
            <name>IBluetoothHci</name>
            <instance>default</instance>
        </interface>
        <fqname>@1.0::IBluetoothHci/default</fqname>
    </hal>
    <hal format="hidl">
        <name>android.hardware.camera.provider</name>
        <transport>hwbinder</transport>
        <version>2.4</version>
        <interface>
            <name>ICameraProvider</name>
            <instance>legacy/0</instance>
        </interface>
        <fqname>@2.4::ICameraProvider/legacy/0</fqname>
    </hal>
    <hal format="hidl">
        <name>android.hardware.cas</name>
        <transport>hwbinder</transport>
        <version>1.0</version>
        <interface>
            <name>IMediaCasService</name>
            <instance>default</instance>
        </interface>
        <fqname>@1.0::IMediaCasService/default</fqname>
    </hal>
    <hal format="hidl">
        <name>android.hardware.configstore</name>
        <transport>hwbinder</transport>
        <version>1.1</version>
        <interface>
            <name>ISurfaceFlingerConfigs</name>
            <instance>default</instance>
        </interface>
        <fqname>@1.1::ISurfaceFlingerConfigs/default</fqname>
    </hal>
    <hal format="hidl">
        <name>android.hardware.drm</name>
        <transport>hwbinder</transport>
        <version>1.0</version>
        <interface>
            <name>ICryptoFactory</name>
            <instance>default</instance>
        </interface>
        <interface>
            <name>IDrmFactory</name>
            <instance>default</instance>
        </interface>
        <fqname>@1.0::ICryptoFactory/default</fqname>
        <fqname>@1.0::IDrmFactory/default</fqname>
        <fqname>@1.1::ICryptoFactory/clearkey</fqname>
        <fqname>@1.1::ICryptoFactory/widevine</fqname>
        <fqname>@1.1::IDrmFactory/clearkey</fqname>
        <fqname>@1.1::IDrmFactory/widevine</fqname>
    </hal>
    <hal format="hidl">
        <name>android.hardware.gatekeeper</name>
        <transport>hwbinder</transport>
        <version>1.0</version>
        <interface>
            <name>IGatekeeper</name>
            <instance>default</instance>
        </interface>
        <fqname>@1.0::IGatekeeper/default</fqname>
    </hal>
    <hal format="hidl">
        <name>android.hardware.gnss</name>
        <transport>hwbinder</transport>
        <version>1.1</version>
        <interface>
            <name>IGnss</name>
            <instance>default</instance>
        </interface>
        <fqname>@1.0::IGnss/gnss_vendor</fqname>
        <fqname>@1.1::IGnss/default</fqname>
    </hal>
    <hal format="hidl">
        <name>android.hardware.graphics.allocator</name>
        <transport>hwbinder</transport>
        <version>2.0</version>
        <interface>
            <name>IAllocator</name>
            <instance>default</instance>
        </interface>
        <fqname>@2.0::IAllocator/default</fqname>
    </hal>
    <hal format="hidl">
        <name>android.hardware.graphics.composer</name>
        <transport>hwbinder</transport>
        <version>2.2</version>
        <interface>
            <name>IComposer</name>
            <instance>default</instance>
        </interface>
        <fqname>@2.2::IComposer/default</fqname>
    </hal>
    <hal format="hidl">
        <name>android.hardware.graphics.mapper</name>
        <transport arch="32+64">passthrough</transport>
        <version>2.1</version>
        <interface>
            <name>IMapper</name>
            <instance>default</instance>
        </interface>
        <fqname>@2.1::IMapper/default</fqname>
    </hal>
    <hal format="hidl">
        <name>android.hardware.health</name>
        <transport>hwbinder</transport>
        <version>2.0</version>
        <interface>
            <name>IHealth</name>
            <instance>default</instance>
        </interface>
        <fqname>@2.0::IHealth/default</fqname>
    </hal>
    <hal format="hidl">
        <name>android.hardware.keymaster</name>
        <transport>hwbinder</transport>
        <version>4.0</version>
        <interface>
            <name>IKeymasterDevice</name>
            <instance>default</instance>
        </interface>
        <fqname>@4.0::IKeymasterDevice/default</fqname>
    </hal>
    <hal format="hidl">
        <name>android.hardware.light</name>
        <transport>hwbinder</transport>
        <version>2.0</version>
        <interface>
            <name>ILight</name>
            <instance>default</instance>
        </interface>
        <fqname>@2.0::ILight/default</fqname>
    </hal>
    <hal format="hidl">
        <name>android.hardware.media.omx</name>
        <transport>hwbinder</transport>
        <version>1.0</version>
        <interface>
            <name>IOmx</name>
            <instance>default</instance>
        </interface>
        <interface>
            <name>IOmxStore</name>
            <instance>default</instance>
        </interface>
        <fqname>@1.0::IOmx/default</fqname>
        <fqname>@1.0::IOmxStore/default</fqname>
    </hal>
    <hal format="hidl">
        <name>android.hardware.memtrack</name>
        <transport>hwbinder</transport>
        <version>1.0</version>
        <interface>
            <name>IMemtrack</name>
            <instance>default</instance>
        </interface>
        <fqname>@1.0::IMemtrack/default</fqname>
    </hal>
    <hal format="hidl">
        <name>android.hardware.neuralnetworks</name>
        <transport>hwbinder</transport>
        <version>1.1</version>
        <interface>
            <name>IDevice</name>
            <instance>default</instance>
        </interface>
        <fqname>@1.1::IDevice/default</fqname>
    </hal>
    <hal format="hidl">
        <name>android.hardware.nfc</name>
        <transport>hwbinder</transport>
        <version>1.1</version>
        <interface>
            <name>INfc</name>
            <instance>default</instance>
        </interface>
        <fqname>@1.1::INfc/default</fqname>
    </hal>
    <hal format="hidl">
        <name>android.hardware.power</name>
        <transport>hwbinder</transport>
        <version>1.0</version>
        <interface>
            <name>IPower</name>
            <instance>default</instance>
        </interface>
        <fqname>@1.0::IPower/default</fqname>
    </hal>
    <hal format="hidl">
        <name>android.hardware.radio</name>
        <transport>hwbinder</transport>
        <version>1.2</version>
        <interface>
            <name>IRadio</name>
            <instance>slot1</instance>
            <instance>slot2</instance>
        </interface>
        <interface>
            <name>ISap</name>
            <instance>slot1</instance>
            <instance>slot2</instance>
        </interface>
        <fqname>@1.2::IRadio/slot1</fqname>
        <fqname>@1.2::IRadio/slot2</fqname>
        <fqname>@1.2::ISap/slot1</fqname>
        <fqname>@1.2::ISap/slot2</fqname>
    </hal>
    <hal format="hidl">
        <name>android.hardware.radio.config</name>
        <transport>hwbinder</transport>
        <version>1.0</version>
        <interface>
            <name>IRadioConfig</name>
            <instance>default</instance>
        </interface>
        <fqname>@1.0::IRadioConfig/default</fqname>
    </hal>
    <hal format="hidl">
        <name>android.hardware.secure_element</name>
        <transport>hwbinder</transport>
        <version>1.0</version>
        <interface>
            <name>ISecureElement</name>
            <instance>eSE1</instance>
        </interface>
        <fqname>@1.0::ISecureElement/eSE1</fqname>
    </hal>
    <hal format="hidl">
        <name>android.hardware.sensors</name>
        <transport>hwbinder</transport>
        <version>1.0</version>
        <interface>
            <name>ISensors</name>
            <instance>default</instance>
        </interface>
        <fqname>@1.0::ISensors/default</fqname>
    </hal>
    <hal format="hidl">
        <name>android.hardware.soundtrigger</name>
        <transport>hwbinder</transport>
        <version>2.1</version>
        <interface>
            <name>ISoundTriggerHw</name>
            <instance>default</instance>
        </interface>
        <fqname>@2.1::ISoundTriggerHw/default</fqname>
    </hal>
    <hal format="hidl">
        <name>android.hardware.tetheroffload.config</name>
        <transport>hwbinder</transport>
        <version>1.0</version>
        <interface>
            <name>IOffloadConfig</name>
            <instance>default</instance>
        </interface>
        <fqname>@1.0::IOffloadConfig/default</fqname>
    </hal>
    <hal format="hidl">
        <name>android.hardware.tetheroffload.control</name>
        <transport>hwbinder</transport>
        <version>1.0</version>
        <interface>
            <name>IOffloadControl</name>
            <instance>default</instance>
        </interface>
        <fqname>@1.0::IOffloadControl/default</fqname>
    </hal>
    <hal format="hidl">
        <name>android.hardware.thermal</name>
        <transport>hwbinder</transport>
        <version>1.0</version>
        <interface>
            <name>IThermal</name>
            <instance>default</instance>
        </interface>
        <fqname>@1.0::IThermal/default</fqname>
    </hal>
    <hal format="hidl">
        <name>android.hardware.usb</name>
        <transport>hwbinder</transport>
        <version>1.0</version>
        <interface>
            <name>IUsb</name>
            <instance>default</instance>
        </interface>
        <fqname>@1.0::IUsb/default</fqname>
    </hal>
    <hal format="hidl">
        <name>android.hardware.vibrator</name>
        <transport>hwbinder</transport>
        <version>1.2</version>
        <interface>
            <name>IVibrator</name>
            <instance>default</instance>
        </interface>
        <fqname>@1.2::IVibrator/default</fqname>
    </hal>
    <hal format="hidl">
        <name>android.hardware.wifi</name>
        <transport>hwbinder</transport>
        <version>1.2</version>
        <interface>
            <name>IWifi</name>
            <instance>default</instance>
        </interface>
        <fqname>@1.2::IWifi/default</fqname>
    </hal>
    <hal format="hidl">
        <name>android.hardware.wifi.hostapd</name>
        <transport>hwbinder</transport>
        <version>1.0</version>
        <interface>
            <name>IHostapd</name>
            <instance>default</instance>
        </interface>
        <fqname>@1.0::IHostapd/default</fqname>
    </hal>
    <hal format="hidl">
        <name>android.hardware.wifi.supplicant</name>
        <transport>hwbinder</transport>
        <version>1.1</version>
        <interface>
            <name>ISupplicant</name>
            <instance>default</instance>
        </interface>
        <fqname>@1.1::ISupplicant/default</fqname>
    </hal>
    <hal format="hidl">
        <name>com.qualcomm.qti.ant</name>
        <transport>hwbinder</transport>
        <version>1.0</version>
        <interface>
            <name>IAntHci</name>
            <instance>default</instance>
        </interface>
        <fqname>@1.0::IAntHci/default</fqname>
    </hal>
    <hal format="hidl">
        <name>com.qualcomm.qti.bluetooth_audio</name>
        <transport>hwbinder</transport>
        <version>1.0</version>
        <interface>
            <name>IBluetoothAudio</name>
            <instance>default</instance>
        </interface>
        <fqname>@1.0::IBluetoothAudio/default</fqname>
    </hal>
    <hal format="hidl">
        <name>com.qualcomm.qti.dpm.api</name>
        <transport>hwbinder</transport>
        <version>1.0</version>
        <interface>
            <name>IdpmQmi</name>
            <instance>dpmQmiService</instance>
        </interface>
        <fqname>@1.0::IdpmQmi/dpmQmiService</fqname>
    </hal>
    <hal format="hidl">
        <name>com.qualcomm.qti.imscmservice</name>
        <transport>hwbinder</transport>
        <version>2.1</version>
        <interface>
            <name>IImsCmService</name>
            <instance>qti.ims.connectionmanagerservice</instance>
        </interface>
        <fqname>@2.1::IImsCmService/qti.ims.connectionmanagerservice</fqname>
    </hal>
    <hal format="hidl">
        <name>com.qualcomm.qti.uceservice</name>
        <transport>hwbinder</transport>
        <version>2.0</version>
        <interface>
            <name>IUceService</name>
            <instance>com.qualcomm.qti.uceservice</instance>
        </interface>
        <fqname>@2.0::IUceService/com.qualcomm.qti.uceservice</fqname>
    </hal>
    <hal format="hidl">
        <name>com.qualcomm.qti.wifidisplayhal</name>
        <transport>hwbinder</transport>
        <version>1.0</version>
        <interface>
            <name>IDSManager</name>
            <instance>wifidisplaydshal</instance>
        </interface>
        <interface>
            <name>IHDCPSession</name>
            <instance>wifidisplayhdcphal</instance>
        </interface>
        <fqname>@1.0::IDSManager/wifidisplaydshal</fqname>
        <fqname>@1.0::IHDCPSession/wifidisplayhdcphal</fqname>
    </hal>
    <hal format="hidl">
        <name>vendor.display.color</name>
        <transport>hwbinder</transport>
        <version>1.2</version>
        <interface>
            <name>IDisplayColor</name>
            <instance>default</instance>
        </interface>
        <fqname>@1.2::IDisplayColor/default</fqname>
    </hal>
    <hal format="hidl">
        <name>vendor.display.config</name>
        <transport>hwbinder</transport>
        <version>1.8</version>
        <interface>
            <name>IDisplayConfig</name>
            <instance>default</instance>
        </interface>
        <fqname>@1.8::IDisplayConfig/default</fqname>
    </hal>
    <hal format="hidl">
        <name>vendor.display.postproc</name>
        <transport>hwbinder</transport>
        <version>1.0</version>
        <interface>
            <name>IDisplayPostproc</name>
            <instance>default</instance>
        </interface>
        <fqname>@1.0::IDisplayPostproc/default</fqname>
    </hal>
    <hal format="hidl">
        <name>vendor.fido.fidoca</name>
        <transport>hwbinder</transport>
        <version>1.0</version>
        <interface>
            <name>IFidoDaemon</name>
            <instance>default</instance>
        </interface>
        <fqname>@1.0::IFidoDaemon/default</fqname>
    </hal>
    <hal format="hidl">
        <name>vendor.goodix.hardware.biometrics.fingerprint</name>
        <transport>hwbinder</transport>
        <version>2.1</version>
        <interface>
            <name>IGoodixFingerprintDaemon</name>
            <instance>default</instance>
        </interface>
        <fqname>@2.1::IGoodixFingerprintDaemon/default</fqname>
    </hal>
    <hal format="hidl">
        <name>vendor.meizu.bsp.mzfacereco</name>
        <transport>hwbinder</transport>
        <version>1.0</version>
        <interface>
            <name>IFacerecoDaemon</name>
            <instance>default</instance>
        </interface>
        <fqname>@1.0::IFacerecoDaemon/default</fqname>
    </hal>
    <hal format="hidl">
        <name>vendor.meizu.hardware.ifaa</name>
        <transport>hwbinder</transport>
        <version>1.0</version>
        <interface>
            <name>IIFAADevice</name>
            <instance>default</instance>
        </interface>
        <fqname>@1.0::IIFAADevice/default</fqname>
    </hal>
    <hal format="hidl">
        <name>vendor.nxp.nxpese</name>
        <transport>hwbinder</transport>
        <version>1.0</version>
        <interface>
            <name>INxpEse</name>
            <instance>default</instance>
        </interface>
        <fqname>@1.0::INxpEse/default</fqname>
    </hal>
    <hal format="hidl">
        <name>vendor.nxp.nxpnfc</name>
        <transport>hwbinder</transport>
        <version>1.0</version>
        <interface>
            <name>INxpNfc</name>
            <instance>default</instance>
        </interface>
        <fqname>@1.0::INxpNfc/default</fqname>
    </hal>
    <hal format="hidl">
        <name>vendor.nxp.nxpwiredse</name>
        <transport>hwbinder</transport>
        <version>1.0</version>
        <interface>
            <name>INxpWiredSe</name>
            <instance>default</instance>
        </interface>
        <fqname>@1.0::INxpWiredSe/default</fqname>
    </hal>
    <hal format="hidl">
        <name>vendor.qti.data.factory</name>
        <transport>hwbinder</transport>
        <version>1.1</version>
        <interface>
            <name>IFactory</name>
            <instance>default</instance>
        </interface>
        <fqname>@1.1::IFactory/default</fqname>
    </hal>
    <hal format="hidl">
        <name>vendor.qti.esepowermanager</name>
        <transport>hwbinder</transport>
        <version>1.0</version>
        <interface>
            <name>IEsePowerManager</name>
            <instance>default</instance>
        </interface>
        <fqname>@1.0::IEsePowerManager/default</fqname>
    </hal>
    <hal format="hidl">
        <name>vendor.qti.gnss</name>
        <transport>hwbinder</transport>
        <version>1.2</version>
        <interface>
            <name>ILocHidlGnss</name>
            <instance>gnss_vendor</instance>
        </interface>
        <fqname>@1.2::ILocHidlGnss/gnss_vendor</fqname>
    </hal>
    <hal format="hidl">
        <name>vendor.qti.gnss</name>
        <transport>hwbinder</transport>
        <version>2.1</version>
        <interface>
            <name>ILocHidlGnss</name>
            <instance>gnss_vendor</instance>
        </interface>
        <fqname>@2.1::ILocHidlGnss/gnss_vendor</fqname>
    </hal>
    <hal format="hidl">
        <name>vendor.qti.hardware.alarm</name>
        <transport>hwbinder</transport>
        <version>1.0</version>
        <interface>
            <name>IAlarm</name>
            <instance>default</instance>
        </interface>
        <fqname>@1.0::IAlarm/default</fqname>
    </hal>
    <hal format="hidl">
        <name>vendor.qti.hardware.cvp</name>
        <transport>hwbinder</transport>
        <version>1.0</version>
        <interface>
            <name>ICvp</name>
            <instance>cvphalservice</instance>
        </interface>
        <fqname>@1.0::ICvp/cvphalservice</fqname>
    </hal>
    <hal format="hidl">
        <name>vendor.qti.hardware.data.connection</name>
        <transport>hwbinder</transport>
        <version>1.0</version>
        <interface>
            <name>IDataConnection</name>
            <instance>slot1</instance>
            <instance>slot2</instance>
        </interface>
        <fqname>@1.0::IDataConnection/slot1</fqname>
        <fqname>@1.0::IDataConnection/slot2</fqname>
    </hal>
    <hal format="hidl">
        <name>vendor.qti.hardware.data.latency</name>
        <transport>hwbinder</transport>
        <version>1.0</version>
        <interface>
            <name>ILinkLatency</name>
            <instance>default</instance>
        </interface>
        <fqname>@1.0::ILinkLatency/default</fqname>
    </hal>
    <hal format="hidl">
        <name>vendor.qti.hardware.factory</name>
        <transport>hwbinder</transport>
        <version>1.0</version>
        <interface>
            <name>IFactory</name>
            <instance>default</instance>
        </interface>
        <fqname>@1.0::IFactory/default</fqname>
    </hal>
    <hal format="hidl">
        <name>vendor.qti.hardware.fm</name>
        <transport>hwbinder</transport>
        <version>1.0</version>
        <interface>
            <name>IFmHci</name>
            <instance>default</instance>
        </interface>
        <fqname>@1.0::IFmHci/default</fqname>
    </hal>
    <hal format="hidl">
        <name>vendor.qti.hardware.improvetouch.touchcompanion</name>
        <transport>hwbinder</transport>
        <version>1.0</version>
        <interface>
            <name>ITouchCompanion</name>
            <instance>TouchCompanionService</instance>
        </interface>
        <fqname>@1.0::ITouchCompanion/TouchCompanionService</fqname>
    </hal>
    <hal format="hidl">
        <name>vendor.qti.hardware.iop</name>
        <transport>hwbinder</transport>
        <version>2.0</version>
        <interface>
            <name>IIop</name>
            <instance>default</instance>
        </interface>
        <fqname>@2.0::IIop/default</fqname>
    </hal>
    <hal format="hidl">
        <name>vendor.qti.hardware.mlshal</name>
        <transport>hwbinder</transport>
        <version>1.0</version>
        <interface>
            <name>IMlsDap</name>
            <instance>mlsdaphal</instance>
        </interface>
        <interface>
            <name>IMlsVnc</name>
            <instance>mlsvnchal</instance>
        </interface>
        <fqname>@1.0::IMlsDap/mlsdaphal</fqname>
        <fqname>@1.0::IMlsVnc/mlsvnchal</fqname>
    </hal>
    <hal format="hidl">
        <name>vendor.qti.hardware.perf</name>
        <transport>hwbinder</transport>
        <version>1.0</version>
        <interface>
            <name>IPerf</name>
            <instance>default</instance>
        </interface>
        <fqname>@1.0::IPerf/default</fqname>
    </hal>
    <hal format="hidl">
        <name>vendor.qti.hardware.qdutils_disp</name>
        <transport>hwbinder</transport>
        <version>1.0</version>
        <interface>
            <name>IQdutilsDisp</name>
            <instance>default</instance>
        </interface>
        <fqname>@1.0::IQdutilsDisp/default</fqname>
    </hal>
    <hal format="hidl">
        <name>vendor.qti.hardware.qteeconnector</name>
        <transport>hwbinder</transport>
        <version>1.0</version>
        <interface>
            <name>IAppConnector</name>
            <instance>default</instance>
        </interface>
        <interface>
            <name>IGPAppConnector</name>
            <instance>default</instance>
        </interface>
        <fqname>@1.0::IAppConnector/default</fqname>
        <fqname>@1.0::IGPAppConnector/default</fqname>
    </hal>
    <hal format="hidl">
        <name>vendor.qti.hardware.radio.am</name>
        <transport>hwbinder</transport>
        <version>1.0</version>
        <interface>
            <name>IQcRilAudio</name>
            <instance>slot1</instance>
            <instance>slot2</instance>
        </interface>
        <fqname>@1.0::IQcRilAudio/slot1</fqname>
        <fqname>@1.0::IQcRilAudio/slot2</fqname>
    </hal>
    <hal format="hidl">
        <name>vendor.qti.hardware.radio.ims</name>
        <transport>hwbinder</transport>
        <version>1.4</version>
        <interface>
            <name>IImsRadio</name>
            <instance>imsradio0</instance>
            <instance>imsradio1</instance>
        </interface>
        <fqname>@1.4::IImsRadio/imsradio0</fqname>
        <fqname>@1.4::IImsRadio/imsradio1</fqname>
    </hal>
    <hal format="hidl">
        <name>vendor.qti.hardware.radio.lpa</name>
        <transport>hwbinder</transport>
        <version>1.0</version>
        <interface>
            <name>IUimLpa</name>
            <instance>UimLpa0</instance>
            <instance>UimLpa1</instance>
        </interface>
        <fqname>@1.0::IUimLpa/UimLpa0</fqname>
        <fqname>@1.0::IUimLpa/UimLpa1</fqname>
    </hal>
    <hal format="hidl">
        <name>vendor.qti.hardware.radio.qcrilhook</name>
        <transport>hwbinder</transport>
        <version>1.0</version>
        <interface>
            <name>IQtiOemHook</name>
            <instance>oemhook0</instance>
            <instance>oemhook1</instance>
        </interface>
        <fqname>@1.0::IQtiOemHook/oemhook0</fqname>
        <fqname>@1.0::IQtiOemHook/oemhook1</fqname>
    </hal>
    <hal format="hidl">
        <name>vendor.qti.hardware.radio.qtiradio</name>
        <transport>hwbinder</transport>
        <version>1.0</version>
        <interface>
            <name>IQtiRadio</name>
            <instance>slot1</instance>
            <instance>slot2</instance>
        </interface>
        <fqname>@1.0::IQtiRadio/slot1</fqname>
        <fqname>@1.0::IQtiRadio/slot2</fqname>
    </hal>
    <hal format="hidl">
        <name>vendor.qti.hardware.radio.qtiradio</name>
        <transport>hwbinder</transport>
        <version>2.1</version>
        <interface>
            <name>IQtiRadio</name>
            <instance>slot1</instance>
            <instance>slot2</instance>
        </interface>
        <fqname>@2.1::IQtiRadio/slot1</fqname>
        <fqname>@2.1::IQtiRadio/slot2</fqname>
    </hal>
    <hal format="hidl">
        <name>vendor.qti.hardware.radio.uim</name>
        <transport>hwbinder</transport>
        <version>1.1</version>
        <interface>
            <name>IUim</name>
            <instance>Uim0</instance>
            <instance>Uim1</instance>
        </interface>
        <fqname>@1.1::IUim/Uim0</fqname>
        <fqname>@1.1::IUim/Uim1</fqname>
    </hal>
    <hal format="hidl">
        <name>vendor.qti.hardware.radio.uim_remote_client</name>
        <transport>hwbinder</transport>
        <version>1.0</version>
        <interface>
            <name>IUimRemoteServiceClient</name>
            <instance>uimRemoteClient0</instance>
            <instance>uimRemoteClient1</instance>
        </interface>
        <fqname>@1.0::IUimRemoteServiceClient/uimRemoteClient0</fqname>
        <fqname>@1.0::IUimRemoteServiceClient/uimRemoteClient1</fqname>
    </hal>
    <hal format="hidl">
        <name>vendor.qti.hardware.radio.uim_remote_server</name>
        <transport>hwbinder</transport>
        <version>1.0</version>
        <interface>
            <name>IUimRemoteServiceServer</name>
            <instance>uimRemoteServer0</instance>
            <instance>uimRemoteServer1</instance>
        </interface>
        <fqname>@1.0::IUimRemoteServiceServer/uimRemoteServer0</fqname>
        <fqname>@1.0::IUimRemoteServiceServer/uimRemoteServer1</fqname>
    </hal>
    <hal format="hidl">
        <name>vendor.qti.hardware.scve.objecttracker</name>
        <transport>hwbinder</transport>
        <version>1.0</version>
        <interface>
            <name>IObjectTracker</name>
            <instance>objectTracker</instance>
        </interface>
        <fqname>@1.0::IObjectTracker/objectTracker</fqname>
    </hal>
    <hal format="hidl">
        <name>vendor.qti.hardware.scve.panorama</name>
        <transport>hwbinder</transport>
        <version>1.0</version>
        <interface>
            <name>IPanoramaStitching</name>
            <instance>panoStitching</instance>
        </interface>
        <interface>
            <name>IPanoramaTracking</name>
            <instance>panoTracking</instance>
        </interface>
        <fqname>@1.0::IPanoramaStitching/panoStitching</fqname>
        <fqname>@1.0::IPanoramaTracking/panoTracking</fqname>
    </hal>
    <hal format="hidl">
        <name>vendor.qti.hardware.sensorscalibrate</name>
        <transport>hwbinder</transport>
        <version>1.0</version>
        <interface>
            <name>ISensorsCalibrate</name>
            <instance>default</instance>
        </interface>
        <fqname>@1.0::ISensorsCalibrate/default</fqname>
    </hal>
    <hal format="hidl">
        <name>vendor.qti.hardware.soter</name>
        <transport>hwbinder</transport>
        <version>1.0</version>
        <interface>
            <name>ISoter</name>
            <instance>default</instance>
        </interface>
        <fqname>@1.0::ISoter/default</fqname>
    </hal>
    <hal format="hidl">
        <name>vendor.qti.hardware.tui_comm</name>
        <transport>hwbinder</transport>
        <version>1.0</version>
        <interface>
            <name>ITuiComm</name>
            <instance>default</instance>
        </interface>
        <fqname>@1.0::ITuiComm/default</fqname>
    </hal>
    <hal format="hidl">
        <name>vendor.qti.hardware.vpp</name>
        <transport>hwbinder</transport>
        <version>1.2</version>
        <interface>
            <name>IHidlVppService</name>
            <instance>vppService</instance>
        </interface>
        <fqname>@1.2::IHidlVppService/vppService</fqname>
    </hal>
    <hal format="hidl">
        <name>vendor.qti.hardware.wifi.hostapd</name>
        <transport>hwbinder</transport>
        <version>1.1</version>
        <interface>
            <name>IHostapdVendor</name>
            <instance>default</instance>
        </interface>
        <fqname>@1.1::IHostapdVendor/default</fqname>
    </hal>
    <hal format="hidl">
        <name>vendor.qti.hardware.wifi.supplicant</name>
        <transport>hwbinder</transport>
        <version>2.0</version>
        <interface>
            <name>ISupplicantVendor</name>
            <instance>default</instance>
        </interface>
        <fqname>@2.0::ISupplicantVendor/default</fqname>
    </hal>
    <hal format="hidl">
        <name>vendor.qti.hardware.wifi.wifilearner</name>
        <transport>hwbinder</transport>
        <version>1.0</version>
        <interface>
            <name>IWifiStats</name>
            <instance>wifiStats</instance>
        </interface>
        <fqname>@1.0::IWifiStats/wifiStats</fqname>
    </hal>
    <hal format="hidl">
        <name>vendor.qti.hardware.wigig.netperftuner</name>
        <transport>hwbinder</transport>
        <version>1.0</version>
        <interface>
            <name>INetPerfTuner</name>
            <instance>default</instance>
        </interface>
        <fqname>@1.0::INetPerfTuner/default</fqname>
    </hal>
    <hal format="hidl">
        <name>vendor.qti.hardware.wigig.supptunnel</name>
        <transport>hwbinder</transport>
        <version>1.0</version>
        <interface>
            <name>ISuppTunnelProvider</name>
            <instance>default</instance>
        </interface>
        <fqname>@1.0::ISuppTunnelProvider/default</fqname>
    </hal>
    <hal format="hidl">
        <name>vendor.qti.ims.callinfo</name>
        <transport>hwbinder</transport>
        <version>1.0</version>
        <interface>
            <name>IService</name>
            <instance>default</instance>
        </interface>
        <fqname>@1.0::IService/default</fqname>
    </hal>
    <hal format="hidl">
        <name>vendor.qti.imsrtpservice</name>
        <transport>hwbinder</transport>
        <version>1.0</version>
        <interface>
            <name>IRTPService</name>
            <instance>imsrtpservice</instance>
        </interface>
        <fqname>@1.0::IRTPService/imsrtpservice</fqname>
    </hal>
    <hal format="hidl">
        <name>vendor.qti.power.pasrmanager</name>
        <transport>hwbinder</transport>
        <version>1.0</version>
        <interface>
            <name>IPasrManager</name>
            <instance>default</instance>
        </interface>
        <fqname>@1.0::IPasrManager/default</fqname>
    </hal>
    <sepolicy>
        <version>28.0</version>
    </sepolicy>
</manifest>
